{
    "72": 0,
    "51": 1,
    "60": 2,
    "76": 3,
    "/": 4,
    "53": 5,
    "70": 6,
    "65": 7,
    "66": 8,
    "62": 9,
    "59": 10,
    "47": 11,
    "80": 12,
    "50": 13,
    "77": 14,
    "r": 15,
    "69": 16,
    "48": 17,
    "75": 18,
    "56": 19,
    "81": 20,
    "52": 21,
    "55": 22,
    "79": 23,
    "57": 24,
    "_": 25,
    "71": 26,
    "73": 27,
    "61": 28,
    "63": 29,
    "45": 30,
    "78": 31,
    "74": 32,
    "58": 33,
    "67": 34,
    "54": 35,
    "64": 36,
    "68": 37
}